City	Cloudiness	Country	Date	Humidity	Lat	Lng	Max Temp	Wind Speed
hithadhoo	68	MV	1546838795	100	-0.6	73.08	79.21	5.64
zarubino	20	RU	1546839346	80	42.65	131.06	23.68	10.45
kumluca	24	TR	1546839347	84	36.37	30.29	21.39	1.61
ust-tsilma	92	RU	1546839348	87	65.44	52.15	11.71	5.75
tautira	75	PF	1546837200	78	-17.73	-149.15	80.6	8.05
grindavik	75	IS	1546837200	100	63.84	-22.43	37.4	24.16
longyearbyen	75	NO	1546836600	67	78.22	15.63	19.4	35.57
kaitangata	44	NZ	1546838837	62	-46.28	169.85	64.18	17.94
vanimo	32	PG	1546839349	100	-2.67	141.3	82.86	18.84
busselton	0	AU	1546838800	70	-33.64	115.35	79.66	17.72
cayenne	75	GF	1546837200	88	4.94	-52.33	78.8	10.29
rawson	0	AR	1546839350	28	-43.3	-65.11	59.77	7.76
coquimbo	0	CL	1546837200	82	-29.95	-71.34	60.8	2.24
pokrovsk	92	UA	1546839351	96	48.28	37.18	22.96	14.92
ribeira grande	92	PT	1546838817	97	38.52	-28.7	63.51	14.25
alyangula	40	AU	1546837200	94	-13.85	136.42	77.0	6.93
mehriz	40	IR	1546837200	48	31.58	54.44	44.6	2.24
along	0	IN	1546839352	27	28.17	94.8	67.33	1.28
vestmannaeyjar	92	IS	1546839353	100	63.44	-20.27	38.08	9.44
cape town	0	ZA	1546837200	82	-33.93	18.42	64.4	14.99
chokurdakh	8	RU	1546838788	0	70.62	147.9	-39.64	3.62
torbay	90	CA	1546837200	97	47.66	-52.73	32.0	40.26
goderich	88	CA	1546839354	83	43.74	-81.71	18.69	12.8
sitka	36	US	1546838905	37	37.17	-99.65	59.46	26.78
bluff	88	AU	1546838790	40	-23.58	149.07	89.83	16.6
altona	75	US	1546838100	84	41.11	-90.16	48.02	9.17
rikitea	100	PF	1546838790	95	-23.12	-134.97	80.02	13.02
shache	64	CN	1546838839	72	38.42	77.24	26.07	4.41
ushuaia	40	AR	1546837200	74	-54.81	-68.31	37.4	8.05
hamilton	75	CA	1546837200	67	43.26	-79.87	23.0	11.41
bathsheba	40	BB	1546837200	74	13.22	-59.52	78.8	17.22
vaini	0	IN	1546837200	38	15.34	74.49	77.0	11.41
grand gaube	75	MU	1546837200	79	-20.01	57.66	84.2	16.11
yellowknife	5	CA	1546837200	68	62.45	-114.38	-14.81	11.41
nacala	56	MZ	1546839357	87	-14.56	40.69	84.66	10.67
hilo	75	US	1546836780	87	19.71	-155.08	69.98	8.88
fairbanks	0	US	1546837080	68	64.84	-147.72	-37.13	2.95
abha	0	SA	1546833600	27	18.22	42.5	53.6	1.95
avarua	75	CK	1546837200	61	-21.21	-159.78	78.8	6.93
roxana	1	US	1546838100	70	38.85	-90.08	55.94	18.34
carnarvon	0	ZA	1546838784	28	-30.97	22.13	70.17	9.55
pudozh	92	RU	1546839359	92	61.81	36.54	24.09	16.71
mataura	0	NZ	1546838785	50	-46.19	168.86	66.84	20.62
vardo	1	US	1546838400	58	39.62	-77.74	35.06	8.05
sao filipe	0	CV	1546838852	100	14.9	-24.5	72.28	12.8
bethel	90	US	1546837560	92	60.79	-161.76	10.4	8.05
cidreira	20	BR	1546838823	87	-30.17	-50.22	74.53	12.46
qaqortoq	68	GL	1546839360	100	60.72	-46.03	29.4	12.46
punta arenas	75	CL	1546837200	100	-53.16	-70.91	37.4	5.82
marzuq	0	YE	1546839361	51	14.4	46.47	60.9	4.18
souillac	90	FR	1546837200	93	45.6	-0.6	37.4	6.93
paraiso	8	MX	1546839361	72	24.01	-104.61	48.57	5.08
bauchi	0	NG	1546839362	60	10.31	9.85	50.46	4.07
nanortalik	80	GL	1546838825	98	60.14	-45.24	29.26	14.25
rudnaya pristan	0	RU	1546839362	45	44.36	135.82	16.35	7.65
gamba	44	CN	1546839363	76	28.28	88.52	10.5	8.21
mar del plata	36	AR	1546838779	53	-46.43	-67.52	56.62	18.39
fortuna	0	ES	1546837200	64	38.18	-1.13	39.2	2.24
talnakh	56	RU	1546838890	72	69.49	88.39	0.42	21.3
presidencia roque saenz pena	20	AR	1546839112	98	-26.79	-60.44	73.05	7.09
mahon	75	IE	1546837200	93	51.89	-8.4	50.0	6.93
qeshm	40	IR	1546837200	72	26.96	56.27	68.0	4.7
katobu	32	ID	1546839365	78	-4.94	122.53	88.12	4.63
katherine	0	AU	1546837200	37	-14.47	132.26	96.8	4.7
saskylakh	12	RU	1546838897	0	71.97	114.09	-38.92	4.18
asyut	0	EG	1546837200	74	27.18	31.19	37.4	6.93
christchurch	0	NZ	1546837200	64	-43.53	172.64	68.0	17.22
kodiak	75	US	1546836900	68	39.95	-94.76	57.02	14.99
beeville	90	US	1546838100	80	28.4	-97.75	68.36	12.75
dharmadam	0	IN	1546839367	38	11.78	75.43	86.19	2.73
barrow	64	AR	1546838849	74	-38.31	-60.23	63.01	10.56
kikwit	44	CD	1546838817	90	-5.04	18.82	71.7	4.29
rio gallegos	75	AR	1546837200	49	-51.62	-69.22	46.4	5.86
tocopilla	12	CL	1546839368	100	-22.09	-70.2	59.86	3.18
atuona	88	PF	1546838794	100	-9.8	-139.03	77.23	17.05
hermanus	0	ZA	1546838781	71	-34.42	19.24	64.86	3.4
saint-philippe	1	CA	1546837200	51	45.36	-73.48	12.2	9.17
east london	0	ZA	1546837200	73	-33.02	27.91	69.8	11.41
magadan	0	RU	1546839370	100	59.56	150.8	3.52	12.46
port alfred	8	ZA	1546838791	83	-33.59	26.89	70.8	9.66
cabo san lucas	90	MX	1546836420	88	22.89	-109.91	69.8	6.93
new norfolk	20	AU	1546837200	49	-42.78	147.06	68.0	10.29
canutama	76	BR	1546839371	99	-6.53	-64.38	73.95	2.84
san cristobal	20	EC	1546837200	100	-0.39	-78.55	51.8	2.24
albany	1	US	1546837080	51	42.65	-73.75	21.92	14.99
honningsvag	75	NO	1546836600	100	70.98	25.97	35.6	12.75
cherskiy	68	RU	1546838954	49	68.75	161.3	-29.92	2.17
saldanha	0	PT	1546838994	73	41.42	-6.55	16.66	2.84
san jose	8	PH	1546839373	66	15.79	120.99	79.84	7.31
zyryanka	64	RU	1546838950	40	65.73	150.89	-25.91	4.97
lavrentiya	0	RU	1546838866	85	65.58	-170.99	2.98	24.2
mercedes	92	UY	1546839375	100	-33.25	-58.03	69.49	11.12
butaritari	24	KI	1546838793	100	3.07	172.79	82.95	14.7
port elizabeth	1	US	1546836960	60	39.31	-74.98	39.02	5.82
zeya	24	RU	1546839375	61	53.74	127.27	-3.91	4.18
kango	80	GA	1546839376	97	0.19	10.1	71.34	1.72
basmat	0	IN	1546835400	49	19.33	77.16	69.8	4.7
mehamn	75	NO	1546838400	80	71.03	27.85	35.6	25.28
qaanaaq	8	GL	1546838786	89	77.48	-69.36	-15.29	8.99
kodinsk	80	RU	1546839377	79	58.6	99.18	4.06	8.21
san quintin	0	PH	1546839377	59	17.54	120.52	82.36	3.62
springbok	12	ZA	1546839378	51	-29.67	17.88	67.33	4.41
ancud	90	CL	1546837200	87	-41.87	-73.83	50.0	10.29
puerto ayora	56	EC	1546838793	100	-0.74	-90.35	76.2	12.68
idio	0	PH	1546839378	86	11.62	122.1	81.28	17.72
talas	75	TR	1546838400	86	38.69	35.55	26.6	2.17
pevek	8	RU	1546838808	100	69.7	170.27	-27.89	4.41
kaeo	0	NZ	1546838792	33	-35.1	173.78	83.44	9.22
norman wells	20	CA	1546837200	74	65.28	-126.83	-27.41	3.36
casino	100	AU	1546837200	54	-28.86	153.05	80.6	12.75
iqaluit	75	CA	1546837200	68	63.75	-68.52	-14.81	2.24
victoria	75	BN	1546837200	70	5.28	115.24	91.4	10.29
eyl	8	SO	1546839380	92	7.98	49.82	76.51	18.84
champerico	40	MX	1546836360	69	16.38	-93.6	73.4	2.24
severobaykalsk	12	RU	1546839381	66	55.65	109.32	-16.69	1.95
dikson	24	RU	1546838796	97	73.51	80.55	-5.39	21.41
luderitz	8	NA	1546838864	93	-26.65	15.16	58.47	10.78
georgetown	40	GY	1546837200	100	6.8	-58.16	75.2	6.93
eureka	90	US	1546836900	92	40.8	-124.16	42.98	3.36
jamestown	44	AU	1546838630	33	-33.21	138.6	81.73	5.97
aksarka	8	RU	1546839383	59	66.56	67.8	-12.86	4.74
oistins	40	BB	1546837200	74	13.07	-59.53	78.8	17.22
bredasdorp	0	ZA	1546837200	77	-34.53	20.04	64.4	10.33
fez	0	MA	1546837200	64	34.03	-5.02	39.2	5.82
agadez	0	NE	1546837200	43	16.97	7.99	51.8	13.47
castro	90	CL	1546837200	87	-42.48	-73.76	50.0	10.29
semnan	20	IR	1546837200	75	35.58	53.39	41.0	2.24
chernihiv	80	UA	1546839385	88	51.49	31.29	20.17	9.22
biskamzha	0	RU	1546839385	72	53.45	89.53	6.81	2.17
ponta do sol	20	BR	1546838786	91	-20.63	-46.0	60.72	3.18
paka	40	HR	1546837200	85	45.29	18.06	24.8	5.82
vidisha	90	IN	1546837200	87	23.52	77.8	57.2	2.24
leh	36	IN	1546838815	73	34.16	77.58	-10.03	0.72
bachaquero	0	VE	1546839387	95	9.96	-71.12	79.39	5.19
kisangani	76	CD	1546838991	100	0.52	25.21	71.7	3.29
wschowa	90	PL	1546839000	95	51.8	16.32	32.0	2.24
saint anthony	1	US	1546836960	68	43.97	-111.68	28.94	14.99
guane	0	CU	1546839388	84	22.2	-84.09	66.61	6.2
hobart	20	AU	1546837200	49	-42.88	147.33	68.0	10.29
klaksvik	92	FO	1546836600	100	62.23	-6.59	42.8	35.57
tiksi	48	RU	1546838894	35	71.64	128.87	-23.84	2.62
indianola	90	US	1546839300	91	40.24	-100.42	36.68	14.99
birao	0	CF	1546839390	26	10.3	22.78	70.8	17.83
aripuana	80	BR	1546839390	99	-9.17	-60.63	73.63	2.28
kapaa	20	US	1546836960	68	22.08	-159.32	71.96	3.36
husavik	92	CA	1546838974	91	50.56	-96.99	27.24	21.3
nohfelden	75	DE	1546838400	100	49.59	7.14	36.68	5.82
touros	20	BR	1546837200	94	-5.2	-35.46	75.2	4.7
saint george	40	GR	1546836600	85	39.45	22.34	30.2	2.73
sisimiut	68	GL	1546838834	99	66.94	-53.67	16.44	8.99
laguna	92	MX	1546838809	99	27.52	-110.01	55.18	2.73
belmonte	0	PT	1546838979	50	40.36	-7.35	27.19	7.09
kidal	24	ML	1546839393	44	18.44	1.41	51.04	12.12
pangnirtung	44	CA	1546838853	82	66.15	-65.72	-13.45	9.89
verkhnyaya toyma	92	RU	1546839394	85	62.24	45.0	19.18	10.56
saint-amand-les-eaux	90	FR	1546837200	100	50.45	3.44	42.8	5.82
yiyang	92	CN	1546839395	100	28.59	112.35	42.09	11.45
inirida	24	CO	1546838846	92	3.87	-67.92	72.96	2.06
matay	0	EG	1546839395	82	28.42	30.79	36.69	6.64
ayna	0	ES	1546837200	92	38.55	-2.07	23.0	4.7
codrington	100	AU	1546837200	57	-28.95	153.24	80.6	9.17
kruisfontein	48	ZA	1546838846	78	-34.0	24.73	66.79	7.99
burnie	0	AU	1546839181	95	-41.05	145.91	65.67	15.37
lompoc	90	US	1546838100	93	34.64	-120.46	57.02	17.22
mahebourg	75	MU	1546837200	79	-20.41	57.7	84.2	16.11
popondetta	92	PG	1546839397	98	-8.77	148.24	70.35	1.83
turukhansk	76	RU	1546838849	79	65.8	87.96	8.38	16.82
solnechnyy	0	RU	1546839398	75	50.72	136.64	-7.15	4.41
launceston	0	AU	1546837200	36	-41.43	147.14	78.8	17.22
hovd	75	NO	1546836600	86	63.83	10.7	39.2	11.41
baruun-urt	0	MN	1546839398	48	46.68	113.28	7.48	13.02
labuhan	32	ID	1546838966	83	-2.54	115.51	83.26	3.51
camacha	20	PT	1546835400	77	33.08	-16.33	62.6	10.29
arraial do cabo	56	BR	1546839399	90	-22.97	-42.02	76.65	19.51
tuktoyaktuk	90	CA	1546837200	83	69.44	-133.03	-7.61	8.66
chapleau	44	CA	1546839400	72	47.85	-83.4	3.34	6.98
dunedin	8	NZ	1546838978	68	-45.87	170.5	65.85	9.44
yerbogachen	68	RU	1546838918	71	61.28	108.01	-2.56	10.78
talakan	32	RU	1546839401	68	50.29	130.28	-5.21	3.62
vostok	0	RU	1546838973	56	46.45	135.83	1.86	2.73
zhigansk	44	RU	1546838928	55	66.77	123.37	-18.85	6.42
leningradskiy	32	RU	1546839401	88	69.38	178.42	-9.76	17.27
khatanga	20	RU	1546838828	0	71.98	102.47	-37.75	3.62
fare	92	PF	1546839402	99	-16.7	-151.02	83.49	9.44
shingu	40	JP	1546837200	40	33.72	135.99	51.8	13.87
ilulissat	76	GL	1546836600	79	69.22	-51.1	19.4	6.93
biak	20	ID	1546839402	99	-0.91	122.88	81.96	2.28
barcelos	0	PT	1546837200	52	41.53	-8.62	41.0	5.82
oskaloosa	90	US	1546836840	64	39.22	-95.31	60.08	19.46
nome	1	US	1546838100	93	30.04	-94.42	58.46	4.7
margate	20	AU	1546837200	49	-43.03	147.26	68.0	10.29
arman	0	RU	1546839405	59	59.7	150.17	0.78	13.58
hirado	20	JP	1546837200	46	33.32	129.49	53.6	4.7
upernavik	12	GL	1546839406	100	72.79	-56.15	7.66	9.44
cehegin	0	ES	1546839406	65	38.09	-1.8	23.14	3.4
dahra	0	DZ	1546837200	80	36.25	0.85	35.6	2.95
voh	12	NC	1546839407	83	-20.95	164.69	81.73	15.7
provideniya	0	RU	1546839407	100	64.42	-173.23	5.23	27.34
thompson	90	CA	1546838040	92	55.74	-97.86	8.6	5.82
clyde river	90	CA	1546837200	83	70.47	-68.59	-7.61	34.45
comodoro rivadavia	0	AR	1546837200	33	-45.87	-67.48	59.0	20.8
akcakoca	36	TR	1546839408	81	41.09	31.12	22.29	2.17
lexington park	1	US	1546838400	64	38.26	-76.45	46.04	3.36
yar-sale	12	RU	1546839409	100	66.83	70.83	-6.7	9.22
labuan	75	BN	1546837200	70	5.28	115.24	91.4	10.29
togur	92	RU	1546839410	81	58.36	82.83	13.69	12.46
lorengau	48	PG	1546838864	100	-2.02	147.27	83.26	11.79
sibu	75	MY	1546837200	66	2.29	111.83	89.6	4.7
lovozero	48	RU	1546838815	97	68.01	35.02	26.92	5.75
paragominas	80	BR	1546839411	95	-3.0	-47.35	74.89	2.95
bucksport	1	US	1546839300	93	33.66	-79.1	48.02	3.06
coos bay	90	US	1546836960	92	43.37	-124.22	42.08	10.29
sioux lookout	90	CA	1546837200	85	50.1	-91.92	19.4	8.05
kaseda	20	JP	1546837200	30	31.42	130.32	55.4	6.93
tiarei	75	PF	1546837200	78	-17.53	-149.33	80.6	8.05
fukue	20	JP	1546837200	46	35.03	136.69	50.0	18.34
san isidro	56	PH	1546839415	95	16.74	121.63	75.79	4.63
fonte boa	64	BR	1546839415	96	-2.51	-66.09	74.89	3.85
biloela	76	AU	1546839416	61	-24.4	150.51	79.71	13.69
herat	0	AF	1546836900	52	34.35	62.22	44.6	12.24
oriximina	64	BR	1546839416	100	-1.77	-55.87	74.44	2.51
cairo	0	EG	1546837200	52	30.05	31.24	46.4	17.22
marienburg	75	DE	1546838400	93	52.12	9.98	42.8	9.17
guerrero negro	12	MX	1546839417	100	27.97	-114.04	49.47	4.63
verkhoyansk	32	RU	1546838860	0	67.55	133.39	-45.22	2.51
faya	0	SA	1546833600	27	18.39	42.45	53.6	2.28
alakurtti	44	RU	1546839418	91	66.96	30.34	26.97	5.41
santiago del estero	76	AR	1546839419	95	-27.8	-64.26	71.38	10.22
marystown	56	CA	1546839419	96	47.17	-55.16	33.94	32.37
sault sainte marie	75	CA	1546837200	70	46.49	-84.36	19.04	12.75
aykhal	56	RU	1546839420	56	65.95	111.51	-12.68	5.19
seddon	36	NZ	1546839420	90	-41.67	174.07	63.87	5.3
bambanglipuro	24	ID	1546838971	85	-7.95	110.28	83.4	5.86
cockburn town	0	TC	1546838908	100	21.46	-71.14	78.76	16.15
lebu	20	ET	1546837200	34	8.96	38.73	51.8	6.93
eenhana	32	NA	1546833600	65	-17.48	16.34	77.0	8.05
sur	0	OM	1546838991	99	22.57	59.53	73.05	6.76
mirzapur	40	IN	1546837200	64	25.15	82.57	68.0	5.82
dingle	0	PH	1546838879	56	11.0	122.67	84.16	16.04
yeppoon	75	AU	1546837200	78	-23.13	150.74	78.8	10.29
quelimane	88	MZ	1546839424	85	-17.88	36.89	80.79	6.64
antsohihy	20	MG	1546839424	96	-14.88	47.99	82.77	3.96
tasiilaq	0	GL	1546836600	48	65.61	-37.64	19.4	9.17
kailua	1	US	1546837020	70	21.39	-157.74	77.0	4.7
entre rios	76	BR	1546839425	92	-11.94	-38.08	76.96	6.2
praya	75	ID	1546837200	66	-8.71	116.27	87.8	9.17
bambous virieux	75	MU	1546837200	79	-20.34	57.76	84.2	16.11
katsuura	40	JP	1546837200	75	33.93	134.5	51.8	12.75
abbeville	90	FR	1546837200	100	50.11	1.83	44.6	1.12
olinda	90	EC	1546837200	100	-2.03	-79.75	73.4	4.7
santa vitoria	20	BR	1546839427	96	-7.82	-67.03	74.22	3.4
severo-yeniseyskiy	88	RU	1546839428	67	60.37	93.04	11.67	9.22
banjar	44	ID	1546839428	83	-7.37	108.54	83.67	3.74
svirstroy	92	RU	1546839429	82	60.8	33.72	19.14	13.8
ribeira brava	40	PT	1546837200	77	32.65	-17.07	60.8	6.93
mishan	0	CN	1546839430	36	45.55	131.88	16.12	7.65
makakilo city	1	US	1546837020	49	21.35	-158.09	77.0	6.93
dzerzhinskoye	56	RU	1546839431	78	56.84	95.22	10.77	6.87
whitianga	0	NZ	1546839431	84	-36.83	175.7	75.39	13.47
narsaq	92	GL	1546839431	83	60.91	-46.05	17.38	2.62
ternate	40	PH	1546837200	43	14.29	120.72	89.6	13.87
saint-francois	90	FR	1546837200	80	46.42	3.91	35.6	5.82
goundi	0	TD	1546839432	28	9.36	17.37	68.23	9.22
keflavik	75	IS	1546837200	100	64.0	-22.56	37.4	24.16
sulangan	32	PH	1546839433	97	11.14	123.72	81.06	15.03
ribeirao	40	BR	1546837200	88	-8.51	-35.38	75.2	4.7
urengoy	48	RU	1546839434	76	65.96	78.37	-0.44	13.8
andilamena	44	MG	1546839434	93	-17.01	48.57	73.95	3.85
puerto colombia	0	CO	1546837200	83	10.99	-74.96	77.0	9.17
mokhsogollokh	36	RU	1546839435	52	61.4	128.95	-4.27	8.1
airai	56	TL	1546839435	82	-8.93	125.41	78.67	2.28
mae hong son	20	MM	1546837200	69	19.3	97.96	80.6	2.24
arlit	0	NE	1546839436	76	18.74	7.39	43.8	5.19
anchorage	20	US	1546837260	70	61.22	-149.89	-0.05	2.73
araouane	36	ML	1546838945	38	18.9	-3.53	51.76	10.78
yatou	75	CM	1546833600	100	3.63	9.81	77.0	1.12
kudahuvadhoo	44	MV	1546839437	100	2.67	72.89	81.69	13.47
bud	75	NO	1546838400	86	62.91	6.91	39.2	12.75
alim	0	NG	1546839438	61	7.18	7.33	63.37	6.08
chilmari	0	BD	1546839438	62	25.59	89.66	72.46	8.99
moerai	56	PF	1546839439	100	-22.43	-151.33	75.88	21.52
faanui	88	PF	1546838873	100	-16.48	-151.75	84.07	9.44
dudinka	68	RU	1546839144	74	69.41	86.18	2.76	19.51
amapa	75	HN	1546837200	88	15.09	-87.97	73.4	2.28
westport	92	IE	1546838930	97	53.8	-9.52	50.19	22.08
norilsk	56	RU	1546839440	72	69.35	88.2	0.42	21.3
chuy	92	UY	1546839441	85	-33.69	-53.46	75.66	18.84
puerto carreno	32	CO	1546839441	84	6.19	-67.49	71.34	3.51
visby	75	SE	1546836600	100	57.64	18.3	37.4	9.17
vrangel	12	RU	1546839442	100	42.73	133.08	24.45	15.26
jumla	68	NP	1546839442	82	29.28	82.18	25.84	1.61
belaya gora	12	RU	1546839443	0	68.54	146.19	-41.17	2.84
tadine	0	NC	1546838851	92	-21.55	167.88	78.72	21.07
hoa binh	75	VN	1546837200	100	20.81	105.34	68.0	4.7
nioaque	0	BR	1546839444	74	-21.16	-55.83	79.39	11.68
kahului	40	US	1546836960	68	20.89	-156.47	77.0	10.29
naryan-mar	88	RU	1546839444	86	67.67	53.09	8.47	16.26
ninghai	75	CN	1546837200	87	29.29	121.42	48.2	4.47
slawno	40	PL	1546839000	92	52.84	16.56	30.2	4.7
sabang	56	PH	1546839446	95	13.72	123.58	77.37	11.56
kamaishi	40	JP	1546837200	51	39.28	141.86	35.6	11.41
port hardy	90	CA	1546837200	100	50.7	-127.42	33.8	5.82
jardim	0	BR	1546839310	75	-21.48	-56.15	79.84	14.81
krasnyy oktyabr	48	RU	1546839447	84	56.12	38.88	9.24	8.55
talara	80	PE	1546839447	84	-4.58	-81.27	72.91	1.83
yamada	40	JP	1546837200	52	36.58	137.08	44.6	3.36
corner brook	90	CA	1546837200	99	48.95	-57.95	32.0	12.75
konya	75	TR	1546836600	85	37.87	32.48	17.6	3.36
petropavlovsk-kamchatskiy	0	RU	1546837200	61	53.05	158.65	14.0	11.18
dutse	36	NG	1546839449	52	11.76	9.34	52.84	7.54
noumea	20	NC	1546837200	58	-22.28	166.46	84.2	23.04
hasaki	20	JP	1546837200	27	35.73	140.83	50.0	14.99
half moon bay	90	US	1546840020	87	37.46	-122.43	60.98	16.11
nouadhibou	0	MR	1546837200	38	20.93	-17.03	60.8	17.22
meulaboh	20	ID	1546839450	100	4.14	96.13	83.04	4.63
belinskiy	64	RU	1546839451	88	52.97	43.41	11.67	4.18
kinablangan	0	PH	1546839451	100	7.69	126.55	81.19	9.22
nikolskoye	75	RU	1546837200	85	59.7	30.79	24.8	8.95
xichang	0	CN	1546838966	14	27.88	102.25	63.42	2.17
galveston	40	US	1546839300	79	40.58	-86.19	43.7	13.87
north platte	1	US	1546836780	91	41.12	-100.77	33.08	5.82
kiunga	92	PG	1546839453	100	-6.12	141.3	73.95	2.62
hambantota	0	LK	1546834200	74	6.12	81.12	84.2	8.05
fort morgan	0	US	1546837800	53	40.25	-103.8	44.06	12.75
grenfell	80	AU	1546839454	81	-33.9	148.16	76.06	5.86
megion	80	RU	1546837200	85	61.04	76.11	12.2	13.42
vallenar	0	CL	1546839455	67	-28.58	-70.76	48.21	1.5
bologoye	12	RU	1546839455	86	57.88	34.11	12.16	10.56
palmer	1	US	1546837260	77	61.6	-149.11	-0.05	3.62
tateyama	40	JP	1546837200	52	36.66	137.31	42.8	3.36
qasigiannguit	76	GL	1546836600	79	68.82	-51.19	19.4	6.93
sideropolis	88	BR	1546839457	92	-28.6	-49.42	75.61	15.48
balkhash	0	KZ	1546837200	77	46.84	74.98	5.0	17.9
beloha	64	MG	1546838884	68	-25.17	45.06	80.16	4.85
gorazde	68	BA	1546839000	92	43.67	18.98	24.8	9.17
saint-joseph	0	FR	1546837200	92	43.56	6.97	28.4	3.4
henties bay	0	NA	1546838874	99	-22.12	14.28	62.61	8.43
kupang	75	ID	1546837200	74	-10.16	123.6	86.0	8.05
quartucciu	0	IT	1546838400	100	39.25	9.18	51.8	5.82
phalaborwa	64	ZA	1546837200	83	-23.95	31.14	69.8	8.05
khujner	0	IN	1546839461	65	23.78	76.6	64.36	6.87
neiafu	92	TO	1546839461	100	-18.65	-173.98	78.04	28.45
kasongo	92	CD	1546839461	91	-4.43	26.67	73.32	3.18
tessalit	64	ML	1546838883	49	20.2	1.01	49.69	10.0
okmulgee	75	US	1546838100	72	35.62	-95.96	62.96	17.22
bandarbeyla	0	SO	1546838924	100	9.49	50.81	77.14	17.05
chicama	90	PE	1546837200	88	-7.84	-79.15	73.4	5.82
tianpeng	92	CN	1546839463	100	28.88	112.34	42.09	11.45
alta floresta	92	BR	1546838952	95	-9.87	-56.08	75.07	2.17
naze	24	NG	1546838877	89	5.43	7.07	72.06	1.39
caramoran	32	PH	1546839463	95	13.98	124.13	80.11	14.58
lusambo	48	CD	1546839464	92	-4.97	23.44	74.76	2.95
wajid	0	SO	1546839464	53	3.81	43.25	81.19	13.02
el alto	24	BO	1546837200	56	-16.5	-68.19	44.6	3.36
northam	92	GB	1546836600	76	51.04	-4.21	50.0	11.41
flinders	90	AU	1546837200	73	-34.58	150.85	69.8	8.05
derzhavinsk	88	KZ	1546839466	91	51.1	66.31	16.26	3.96
broome	44	GB	1546836960	93	52.47	1.45	46.4	8.05
bintulu	75	MY	1546837200	75	3.17	113.03	89.6	6.93
nizhniy kuranakh	32	RU	1546839467	39	58.84	125.49	-5.35	8.32
maun	0	BW	1546833600	100	-19.99	23.42	69.8	4.7
mayo	90	CA	1546837200	75	63.59	-135.9	-20.21	2.73
vicente guerrero	0	MX	1546839468	89	16.93	-96.7	45.82	3.85
son la	44	VN	1546839469	81	21.32	103.9	69.94	0.72
mahibadhoo	32	MV	1546839469	100	3.78	72.97	82.05	14.36
salalah	20	OM	1546836600	61	17.01	54.1	77.0	2.24
tayu	20	JP	1546837200	46	35.06	136.67	50.0	18.34
chanika	92	MW	1546839470	100	-12.93	34.19	68.86	2.84
aklavik	90	CA	1546837200	76	68.22	-135.01	-9.41	5.97
mount isa	88	AU	1546837200	16	-20.73	139.49	105.8	8.05
emba	40	CY	1546837200	58	34.81	32.42	55.4	11.41
yuanping	64	CN	1546839472	42	38.72	112.71	27.37	3.4
tirat karmel	75	IL	1546838580	87	32.76	34.97	48.2	4.7
nabire	64	ID	1546839472	90	-3.36	135.5	76.33	1.39
tambacounda	36	SN	1546839472	33	13.77	-13.67	64.32	8.21
kamakhyanagar	0	IN	1546839473	55	20.93	85.54	78.27	3.96
ottawa	5	CA	1546837200	65	45.42	-75.69	8.6	11.41
port keats	0	AU	1546839473	73	-14.25	129.55	94.33	7.99
zambezi	92	ZM	1546839474	99	-13.55	23.12	68.01	4.74
roald	75	NO	1546838400	80	62.58	6.12	39.2	9.17
santa cruz	90	US	1546836780	100	36.97	-122.03	57.2	26.4
lasa	40	CY	1546837200	58	34.92	32.53	55.4	11.41
taltal	12	CL	1546839476	87	-25.41	-70.49	52.21	0.94
sept-iles	90	CA	1546837200	39	50.2	-66.38	8.6	26.4
vendryne	20	PL	1546839000	85	49.67	18.71	12.2	3.36
hazorasp	56	UZ	1546837200	80	41.32	61.08	41.0	2.24
poum	76	MK	1546838933	86	41.28	20.71	6.22	1.61
shimoda	75	JP	1546837200	46	34.7	138.93	51.8	5.82
coahuayana	0	MX	1546839478	82	18.62	-100.35	58.51	1.95
taksimo	0	RU	1546839409	56	56.36	114.84	-7.96	3.74
oksfjord	0	NO	1546836600	59	70.24	22.35	35.6	17.22
broken hill	8	AU	1546837200	11	-31.97	141.45	89.6	12.75
karratha	0	AU	1546838880	8	-20.74	116.85	109.59	9.44
terney	0	RU	1546839479	100	45.05	136.61	20.17	14.81
portland	40	US	1546836780	79	45.52	-122.67	41.0	9.17
kinshasa	48	CD	1546833600	94	-4.32	15.31	73.4	5.82
kaduqli	0	SD	1546839480	34	11.01	29.72	68.55	15.48
najran	0	SA	1546833600	47	17.54	44.22	57.2	4.7
hollins	20	US	1546838100	67	37.35	-79.95	44.06	4.7
turinsk	64	RU	1546839481	78	58.04	63.7	17.47	6.64
assiniboia	0	CA	1546839481	73	49.63	-105.99	29.22	16.93
youkounkoun	68	GN	1546839481	38	12.53	-13.12	64.54	7.65
akureyri	88	IS	1546839482	92	65.68	-18.09	24.9	1.83
esna	80	RO	1546839482	89	45.2	27.57	25.35	13.69
antalaha	76	MG	1546839483	92	-14.9	50.28	83.49	6.76
shestakovo	44	RU	1546839483	67	56.49	103.96	1.5	8.21
yulara	0	AU	1546837200	8	-25.24	130.99	96.8	3.36
baker city	75	US	1546838640	81	44.77	-117.83	35.06	2.06
medford	90	US	1546838100	92	42.33	-122.87	37.04	4.7
tabuk	0	PH	1546839484	60	17.41	121.44	77.37	2.39
vila franca do campo	40	PT	1546835400	93	37.72	-25.43	62.6	23.04
bowen	32	AU	1546837200	66	-20.01	148.25	84.2	20.8
sokoni	92	CD	1546839485	99	-12.89	28.78	68.64	3.85
kindu	56	CD	1546839485	94	-2.95	25.92	71.97	2.95
chapais	1	CA	1546837200	83	49.78	-74.86	-13.01	6.93
oga	0	NG	1546839486	55	8.18	5.65	62.34	4.74
caconda	20	AO	1546839487	99	-13.73	15.06	60.81	6.87
severnoye	56	RU	1546839487	83	54.09	52.54	9.24	3.62
vangaindrano	88	MG	1546839487	98	-23.35	47.6	74.71	3.62
dwarka	90	IN	1546835400	100	28.58	77.04	50.0	4.7
brest	44	BY	1546837200	92	52.09	23.69	6.8	5.19
manta	0	RO	1546839488	70	45.1	24.1	6.09	2.73
gondanglegi	32	ID	1546839489	98	-7.75	112.01	79.44	4.29
isangel	56	VU	1546839489	100	-19.55	169.27	78.13	19.95
tynda	0	RU	1546839490	62	55.15	124.74	-8.81	3.74
seoul	0	KR	1546837200	34	37.57	126.98	37.94	3.36
kedrovyy	0	RU	1546837200	67	56.17	91.82	19.4	11.18
surskoye	20	RU	1546839491	80	54.48	46.71	3.97	4.74
quatre cocos	75	MU	1546837200	79	-20.21	57.76	84.2	16.11
cartagena	0	ES	1546837200	66	37.63	-1.0	35.6	6.93
makinsk	48	KZ	1546839492	89	52.63	70.42	12.3	8.55
asmar	0	AF	1546839492	72	35.03	71.36	38.08	2.62
nanga eboko	12	CM	1546839492	89	4.68	12.37	67.11	4.07
gat	0	SN	1546837200	60	14.69	-16.54	68.0	12.75
nyurba	24	RU	1546838904	53	63.29	118.35	-4.54	5.19
caravelas	32	BR	1546838990	100	-17.73	-39.27	80.16	15.48
huaraz	76	PE	1546839494	93	-9.53	-77.53	40.47	1.61
itaituba	76	BR	1546839494	98	-4.26	-55.99	72.87	2.17
adrar	0	DZ	1546837200	51	27.87	-0.29	37.4	8.05
burns lake	88	CA	1546839494	80	54.23	-125.76	16.93	2.95
mountain home	90	US	1546837080	100	43.13	-115.69	37.94	12.75
ingham	80	AU	1546839495	88	-18.65	146.16	81.46	8.77
shahr-e babak	0	IR	1546839496	47	30.12	55.12	49.92	12.12
merauke	24	ID	1546839496	95	-8.49	140.4	82.72	12.46
geraldton	90	CA	1546837200	84	49.72	-86.95	6.8	8.05
nara	75	JP	1546837200	46	34.68	135.8	50.0	9.17
te anau	8	NZ	1546839497	66	-45.41	167.72	58.92	10.89
beyneu	88	KZ	1546839497	99	45.32	55.19	31.74	8.66
zaraza	0	VE	1546839498	75	9.35	-65.33	73.81	6.64
grootfontein	0	NA	1546837200	88	-19.56	18.1	66.2	4.7
marsta	8	SE	1546838400	93	59.93	17.59	33.8	4.7
marsh harbour	56	BS	1546839312	100	26.54	-77.06	71.52	12.01
roura	75	GF	1546837200	88	4.73	-52.33	78.8	10.29
catio	64	GW	1546839499	90	11.28	-15.25	68.55	2.51
pisco	75	PE	1546837200	100	-13.71	-76.2	69.8	2.24
churapcha	56	RU	1546839500	37	62.0	132.43	-24.79	2.84
antipovka	64	RU	1546839500	93	49.83	45.31	16.39	13.13
vila velha	20	BR	1546837200	88	-3.71	-38.6	78.8	6.93
farafangana	92	MG	1546839501	100	-22.82	47.83	76.87	2.62
yaan	0	NG	1546839502	40	7.38	8.57	63.96	6.2
ibra	0	OM	1546839502	71	22.69	58.55	67.33	3.06
esperance	20	TT	1546837200	83	10.24	-61.45	77.0	10.29
pangoa	64	PE	1546839504	93	-12.12	-73.0	66.07	2.28
mao	20	DO	1546837200	100	19.55	-71.08	71.6	6.93
manicore	92	BR	1546839505	95	-5.81	-61.3	76.69	2.51
bourail	0	NC	1546839505	43	-21.57	165.5	86.55	7.09
port augusta	24	AU	1546837200	41	-32.49	137.76	77.0	12.75
ankang	12	CN	1546839506	68	32.73	108.99	39.39	1.16
blacksburg	1	US	1546838100	86	37.23	-80.41	44.78	2.17
lagoa	0	PT	1546837200	65	37.14	-8.45	44.6	6.93
denpasar	40	ID	1546837200	79	-8.65	115.22	86.0	6.93
senneterre	1	CA	1546837200	83	48.39	-77.24	-11.21	2.73
kenitra	0	MA	1546837200	87	34.26	-6.57	44.6	4.7
los llanos de aridane	0	ES	1546837200	51	28.66	-17.92	60.8	2.24
pacifica	90	US	1546840020	87	37.61	-122.49	60.98	16.11
samarai	56	PG	1546839508	100	-10.62	150.67	81.51	18.5
obo	0	CF	1546839509	70	5.39	26.49	74.89	4.97
bouna	24	CI	1546839509	38	9.27	-3.0	64.95	6.98
barra	0	GM	1546837200	60	13.49	-16.54	68.0	3.36
socorro	76	PH	1546839510	95	13.06	121.41	74.17	6.2
sao jose da coroa grande	80	BR	1546839511	100	-8.9	-35.15	73.86	2.84
nenjiang	0	CN	1546839511	52	49.17	125.23	4.42	7.2
ovsyanka	32	RU	1546839511	70	53.58	126.91	-5.93	3.62
voloshka	80	RU	1546839512	89	61.33	40.09	20.44	16.82
aswan	0	EG	1546837200	49	24.09	32.9	46.4	8.05
tilichiki	80	RU	1546838939	82	60.47	166.1	28.5	18.16
morondava	88	MG	1546839512	79	-20.3	44.28	85.51	5.53
salym	80	RU	1546839513	78	60.06	71.48	15.76	9.66
venice	75	US	1546838100	82	27.1	-82.45	57.02	8.05
lebanon	20	US	1546838100	53	43.64	-72.25	17.06	14.99
coihaique	90	CL	1546837200	87	-45.58	-72.07	44.6	2.24
muli	0	IN	1546839514	35	22.62	71.45	71.47	9.66
gibgos	56	PH	1546839515	95	13.86	123.77	77.37	11.56
pemba	75	MZ	1546833600	83	-12.97	40.52	78.8	6.93
hervey bay	40	AU	1546837200	58	-25.3	152.85	82.4	17.22
lahij	0	YE	1546839516	53	13.06	44.88	73.5	4.18
severo-kurilsk	56	RU	1546839517	100	50.68	156.12	25.93	26.78
marawi	68	PH	1546839517	43	8.0	124.29	85.51	3.74
opatovice nad labem	90	CZ	1546837200	86	50.15	15.79	32.0	4.7
beringovskiy	80	RU	1546839518	87	63.05	179.32	21.34	30.69
plettenberg bay	0	ZA	1546838987	97	-34.05	23.37	67.29	2.17
aguimes	0	ES	1546837200	59	27.91	-15.45	66.2	8.05
charleston	40	US	1546838100	95	38.35	-81.63	42.8	4.7
nurota	92	UZ	1546837200	34	40.56	65.69	51.8	6.93
kilindoni	0	TZ	1546839520	94	-7.91	39.67	84.97	15.26
paracuru	20	BR	1546837200	88	-3.41	-39.03	78.8	6.93
trairi	92	BR	1546839521	100	-3.28	-39.27	81.46	12.24
port moresby	75	PG	1546833600	78	-9.47	147.16	82.4	20.8
gazojak	56	TM	1546839522	81	41.19	61.4	45.91	8.43
harlingen	1	US	1546838400	89	26.19	-97.7	69.08	9.17
jacksonville	1	US	1546838100	89	30.33	-81.66	53.96	5.19
kysyl-syr	44	RU	1546839523	69	63.9	122.77	-10.03	4.97
contai	0	IN	1546839523	91	21.78	87.75	72.19	8.43
raudeberg	75	NO	1546838400	93	61.99	5.14	37.4	9.17
manoel urbano	8	BR	1546839524	93	-8.84	-69.26	75.84	3.96
mariental	92	DE	1546839524	100	52.28	10.99	38.98	11.23
banbury	0	GB	1546838400	87	52.06	-1.34	46.4	6.93
aksu	0	KZ	1546837200	91	52.04	76.93	1.4	11.18
charters towers	56	AU	1546838972	60	-20.07	146.27	85.65	8.43
porto novo	8	BR	1546837200	100	-23.68	-45.44	69.8	2.17
guymon	1	US	1546838100	60	36.68	-101.48	50.0	26.4
znamenskoye	64	RU	1546839526	84	57.13	73.82	11.04	10.33
miramar	0	CR	1546837200	72	10.09	-84.73	68.0	9.17
kalmunai	12	LK	1546839527	80	7.42	81.82	82.14	9.78
mbeya	92	TZ	1546839527	97	-8.91	33.47	64.59	2.84
jalu	24	LY	1546839528	53	29.03	21.55	43.66	9.66
viransehir	0	TR	1546839528	91	37.24	39.76	37.18	8.66
ticuantepe	20	NI	1546837200	74	12.02	-86.21	78.8	11.41
kavaratti	0	IN	1546838722	100	10.57	72.64	81.42	3.85
sao joao da barra	8	BR	1546839529	98	-21.64	-41.05	78.99	28.9
komsomolets	36	RU	1546839530	83	52.77	41.29	9.73	4.74
padang	75	ID	1546837200	83	-0.92	100.36	82.4	3.36
den helder	90	NL	1546838700	100	52.96	4.76	48.2	6.93
le port	0	FR	1546839531	55	42.87	1.37	10.54	2.51
shelburne	1	CA	1546837200	72	44.08	-80.2	19.4	4.7
ust-koksa	0	RU	1546839532	51	50.27	85.62	1.14	2.06
cap malheureux	75	MU	1546837200	79	-19.98	57.61	84.2	16.11
russell	8	AR	1546839532	72	-33.01	-68.8	56.08	1.28
pinawa	92	CA	1546839533	88	50.15	-95.88	26.34	20.51
warmbad	92	DE	1546838400	93	50.67	13.08	41.0	10.29
buraydah	75	SA	1546833600	87	26.33	43.97	60.8	17.22
alice springs	0	AU	1546837200	10	-23.7	133.88	95.0	6.93
okhotsk	0	RU	1546839534	100	59.36	143.24	-17.05	8.32
baoro	56	CF	1546839534	44	5.69	15.95	69.67	2.51
kirakira	68	SB	1546838950	99	-10.46	161.92	84.34	14.47
alofi	92	NU	1546837200	94	-19.06	-169.92	78.8	10.29
kutum	8	SD	1546839535	34	14.2	24.66	51.76	13.02
keningau	75	MY	1546837200	70	5.33	116.16	89.6	6.93
sabha	0	LY	1546839536	64	27.03	14.43	24.09	3.06
bemmel	90	NL	1546838700	100	51.89	5.9	37.4	4.7
acapulco	20	MX	1546836120	83	16.86	-99.88	78.8	3.36
yanam	0	IN	1546837200	57	16.73	82.22	75.2	5.82
san patricio	68	PY	1546839538	73	-26.98	-56.83	82.72	10.22
kazanka	90	UA	1546837200	79	47.83	32.83	21.2	17.9
seminole	40	US	1546838100	51	32.72	-102.64	60.98	23.04
umm kaddadah	0	SD	1546839540	42	13.6	26.69	55.59	16.04
santa maria	88	BR	1546839541	79	-29.69	-53.81	77.37	14.03
lembeni	8	TZ	1546839541	53	-3.78	37.62	77.01	5.64
cedral	32	MX	1546839541	83	23.82	-100.72	47.44	2.73
pacific grove	75	US	1546838400	77	36.62	-121.92	60.08	19.46
blackwater	90	GB	1546838400	76	51.33	-0.78	48.2	6.93
cochrane	36	CL	1546839543	100	-47.25	-72.57	30.34	1.83
sirtich	32	RU	1546839543	78	41.83	48.23	28.63	3.51
kloulklubed	75	PW	1546836840	66	7.04	134.26	84.2	11.41
jember	12	ID	1546839544	98	-8.17	113.7	83.98	8.1
surt	8	LY	1546839545	100	31.21	16.59	51.36	18.72
metro	68	ID	1546839545	89	-5.11	105.31	83.62	3.74
tuatapere	0	NZ	1546839545	81	-46.13	167.69	60.72	20.18
ayan	8	TR	1546839545	78	40.67	33.6	1.27	2.28
shchebetovka	92	UA	1546839546	100	44.94	35.16	33.58	16.93
gizo	20	IL	1546838400	61	31.8	34.94	48.2	17.22
toamasina	40	MG	1546837200	79	-18.17	49.38	84.2	5.82
yugorsk	12	RU	1546839548	75	61.32	63.33	5.19	7.87
